DoB,DoT,SEX,BMI,BP,TC,BGU,FDR,Target,Age,Risk,Risk%,FHRisk,CombRisk
1981-03-11,2024-03-08,-1,0.1607142857142857,0.3764705882352941,2.67,0.3333333333333333,2,90.0,43,6.910714285714285,0.12,0.62,0.22
2002-05-15,2024-05-06,-1,0.1642857142857143,0.4941176470588235,2.0,0.3787878787878788,2,101.0,22,3.6142857142857148,0.06,0.62,0.18
2001-06-21,2024-07-20,-1,0.1714285714285714,0.2705882352941176,2.0,0.4242424242424242,2,85.0,23,3.942857142857142,0.07,0.62,0.18
1998-06-10,2024-07-20,-1,0.1714285714285714,0.3294117647058823,3.0,0.1666666666666666,2,51.0,26,4.457142857142856,0.08,0.62,0.2
1991-01-22,2024-01-18,-1,0.1749999999999999,0.1764705882352941,3.0,0.0,0,72.0,33,5.774999999999997,0.1,0.15,0.16
2005-06-13,2024-10-20,-1,0.1857142857142857,0.3764705882352941,2.0,0.4848484848484848,0,137.0,19,3.528571428571428,0.06,0.15,0.15
2002-04-22,2024-05-04,-1,0.1892857142857143,0.3176470588235294,3.0,0.1969696969696969,0,134.0,22,4.164285714285715,0.07,0.15,0.15
1991-01-09,2024-01-18,-1,0.1964285714285714,0.2941176470588235,2.0,0.3333333333333333,1,48.0,33,6.482142857142856,0.11,0.38,0.18
1988-06-08,2024-12-05,-1,0.2,0.188235294117647,3.0,0.5151515151515151,1,57.0,36,7.2,0.13,0.38,0.2
1988-06-08,2024-12-05,-1,0.2,0.188235294117647,3.0,0.5151515151515151,2,57.0,36,7.2,0.13,0.62,0.23
1997-04-07,2024-05-05,-1,0.2,0.2705882352941176,3.0,0.1969696969696969,2,142.0,27,5.4,0.1,0.62,0.21
1975-06-24,2024-08-22,-1,0.2071428571428571,0.388235294117647,3.0,0.5303030303030303,1,49.0,49,10.149999999999999,0.18,0.38,0.22
2002-05-13,2024-06-09,-1,0.2107142857142856,0.2352941176470588,3.0,0.2121212121212121,1,158.0,22,4.6357142857142835,0.08,0.38,0.17
1982-07-23,2024-09-22,-1,0.2107142857142856,0.2470588235294117,3.0,0.3181818181818182,1,63.0,42,8.849999999999996,0.16,0.38,0.21
1976-05-08,2024-08-26,-1,0.2107142857142856,0.4235294117647059,3.0,0.6515151515151515,2,48.0,48,10.114285714285709,0.18,0.62,0.26
1960-08-08,2024-11-09,-1,0.2142857142857142,0.2314117647058823,3.05,0.5,1,72.0,64,13.714285714285708,0.24,0.38,0.24
2003-04-16,2024-06-15,-1,0.2178571428571429,0.0941176470588235,3.0,0.4696969696969697,1,55.0,21,4.575000000000001,0.08,0.38,0.17
1983-04-18,2024-08-17,-1,0.2214285714285714,0.0823529411764705,3.0,0.4696969696969697,2,77.0,41,9.078571428571427,0.16,0.62,0.25
1987-04-21,2024-06-28,-1,0.2214285714285714,0.3058823529411765,3.0,0.4545454545454545,2,59.0,37,8.192857142857141,0.14,0.62,0.24
1976-04-11,2024-05-20,-1,0.2214285714285714,0.4705882352941176,4.0,0.4090909090909091,2,79.0,48,10.628571428571426,0.19,0.62,0.28
1982-11-23,2024-12-16,-1,0.225,0.188235294117647,2.0,0.3484848484848485,1,59.0,42,9.450000000000001,0.17,0.38,0.21
1979-05-12,2024-05-02,-1,0.225,0.2274117647058823,3.88,0.3181818181818182,1,96.0,45,10.125,0.18,0.38,0.22
1987-02-03,2024-02-17,-1,0.225,0.3294117647058823,5.0,0.4545454545454545,1,214.0,37,8.325000000000001,0.15,0.38,0.21
1975-05-22,2024-06-24,-1,0.225,0.4470588235294118,3.0,0.5303030303030303,1,153.0,49,11.025,0.19,0.38,0.22
1989-06-09,2024-06-19,-1,0.2285714285714285,0.1176470588235294,2.79,0.303030303030303,1,96.0,35,7.999999999999998,0.14,0.38,0.2
1976-06-11,2024-06-22,-1,0.2285714285714285,0.5058823529411764,5.0,0.303030303030303,0,83.0,48,10.971428571428568,0.19,0.15,0.17
1964-02-12,2024-02-09,-1,0.2285714285714285,0.5882352941176471,2.0,0.3181818181818182,0,170.0,60,13.71428571428571,0.24,0.15,0.18
1971-03-21,2024-04-16,-1,0.2321428571428571,0.2705882352941176,3.0,0.2575757575757575,2,65.0,53,12.303571428571425,0.22,0.62,0.3
1983-02-10,2024-02-01,-1,0.2321428571428571,0.2941176470588235,2.0,0.2575757575757575,1,37.0,41,9.51785714285714,0.17,0.38,0.21
1978-04-22,2024-05-19,-1,0.2357142857142857,0.2117647058823529,3.0,0.3333333333333333,0,53.0,46,10.842857142857143,0.19,0.15,0.17
1990-10-19,2024-12-01,-1,0.2357142857142857,0.3764705882352941,3.0,0.2424242424242424,1,115.0,34,8.014285714285714,0.14,0.38,0.2
1957-04-11,2024-08-06,-1,0.2392857142857142,0.3294117647058823,3.0,0.2878787878787879,0,89.0,67,16.03214285714285,0.28,0.15,0.18
2000-03-04,2024-04-26,-1,0.2392857142857142,0.3764705882352941,2.0,0.303030303030303,0,99.0,24,5.742857142857141,0.1,0.15,0.16
1983-09-01,2024-10-19,-1,0.2428571428571428,0.3647058823529411,3.0,0.4696969696969697,2,72.0,41,9.957142857142856,0.18,0.62,0.26
1985-04-04,2024-05-12,-1,0.2464285714285713,0.4705882352941176,2.0,0.5606060606060606,2,64.0,39,9.61071428571428,0.17,0.62,0.26
1994-01-08,2024-01-15,-1,0.2464285714285713,0.5764705882352941,3.0,0.5909090909090909,2,86.0,30,7.392857142857139,0.13,0.62,0.23
1995-05-04,2024-07-26,-1,0.25,0.188235294117647,4.0,0.4848484848484848,0,162.0,29,7.25,0.13,0.15,0.16
1970-02-17,2024-02-25,-1,0.25,0.2705882352941176,3.0,0.2272727272727272,2,63.0,54,13.5,0.24,0.62,0.31
1974-08-10,2024-12-28,-1,0.25,0.388235294117647,4.0,0.1969696969696969,1,252.0,50,12.5,0.22,0.38,0.23
1960-07-21,2024-07-15,-1,0.25,0.4391764705882353,3.49,0.6666666666666666,0,158.0,64,16.0,0.28,0.15,0.18
1978-06-13,2024-08-25,-1,0.2535714285714286,0.2941176470588235,5.0,0.4393939393939394,0,183.0,46,11.664285714285716,0.21,0.15,0.17
1989-03-18,2024-03-08,-1,0.2535714285714286,0.3176470588235294,3.0,0.5606060606060606,0,68.0,35,8.875000000000002,0.16,0.15,0.16
1990-09-27,2024-12-23,-1,0.2571428571428571,0.3411764705882353,5.0,0.5151515151515151,0,109.0,34,8.742857142857142,0.15,0.15,0.16
1986-05-19,2024-08-25,-1,0.2607142857142857,0.2,2.0,0.4848484848484848,0,60.0,38,9.907142857142855,0.17,0.15,0.17
1981-07-06,2024-11-23,-1,0.2607142857142857,0.2823529411764706,3.0,0.4848484848484848,1,42.0,43,11.210714285714284,0.2,0.38,0.23
1994-05-26,2024-06-17,-1,0.2607142857142857,0.3764705882352941,2.0,0.1212121212121212,2,143.0,30,7.82142857142857,0.14,0.62,0.24
1980-03-08,2024-04-22,-1,0.2678571428571428,0.3529411764705882,3.0,0.3939393939393939,2,181.0,44,11.785714285714283,0.21,0.62,0.29
1976-03-04,2024-04-10,-1,0.2714285714285714,0.3764705882352941,3.0,0.1666666666666666,0,75.0,48,13.028571428571428,0.23,0.15,0.17
1967-08-09,2024-12-15,-1,0.2749999999999999,0.4588235294117647,2.0,0.5151515151515151,0,87.0,57,15.674999999999995,0.28,0.15,0.18
1987-05-09,2024-05-26,-1,0.2785714285714286,0.3411764705882353,3.0,0.5303030303030303,1,128.0,37,10.307142857142857,0.18,0.38,0.22
1988-05-16,2024-09-28,-1,0.2821428571428571,0.4,3.0,0.5757575757575758,0,111.0,36,10.157142857142855,0.18,0.15,0.17
1974-01-10,2024-01-05,-1,0.2821428571428571,0.4235294117647059,3.0,0.2878787878787879,1,96.0,50,14.107142857142854,0.25,0.38,0.25
1971-06-05,2024-10-03,-1,0.2857142857142857,0.4588235294117647,3.0,0.6060606060606061,2,200.0,53,15.142857142857142,0.27,0.62,0.33
1981-06-09,2024-09-28,-1,0.2892857142857143,0.1294117647058823,3.0,0.3333333333333333,0,74.0,43,12.439285714285715,0.22,0.15,0.17
1996-07-26,2024-07-14,-1,0.2892857142857143,0.3176470588235294,3.0,0.4242424242424242,1,69.0,28,8.100000000000001,0.14,0.38,0.2
1982-10-07,2024-12-01,-1,0.2892857142857143,0.3529411764705882,4.0,0.5454545454545454,2,72.0,42,12.15,0.21,0.62,0.29
1975-05-21,2024-07-27,-1,0.2892857142857143,0.3529411764705882,2.19,0.2121212121212121,2,114.0,49,14.175,0.25,0.62,0.32
1971-09-28,2024-11-01,-1,0.2892857142857143,0.4470588235294118,3.0,0.5757575757575758,0,178.0,53,15.332142857142859,0.27,0.15,0.18
1971-03-26,2024-03-15,-1,0.2928571428571428,0.2705882352941176,2.0,0.6515151515151515,1,93.0,53,15.521428571428569,0.27,0.38,0.25
1964-05-13,2024-07-19,-1,0.2928571428571428,0.5843529411764706,3.68,0.5303030303030303,0,90.0,60,17.57142857142857,0.31,0.15,0.2
1962-05-28,2024-09-27,-1,0.2999999999999999,0.2823529411764706,4.0,0.2727272727272727,0,64.0,62,18.59999999999999,0.33,0.15,0.2
2000-04-23,2024-06-13,-1,0.3035714285714285,0.4,3.0,0.3939393939393939,1,185.0,24,7.285714285714284,0.13,0.38,0.2
1962-02-09,2024-02-15,-1,0.3035714285714285,0.8235294117647058,2.0,0.5606060606060606,2,103.0,62,18.821428571428566,0.33,0.62,0.37
1997-08-07,2024-10-26,-1,0.3071428571428572,0.188235294117647,2.0,0.3181818181818182,2,152.0,27,8.292857142857144,0.15,0.62,0.24
2001-05-14,2024-09-26,-1,0.3071428571428572,0.4,2.0,0.1515151515151515,2,97.0,23,7.064285714285716,0.12,0.62,0.22
1970-04-26,2024-06-03,-1,0.3071428571428572,0.4117647058823529,3.0,0.5151515151515151,1,72.0,54,16.58571428571429,0.29,0.38,0.26
1975-03-21,2024-03-16,-1,0.3107142857142856,0.1215294117647058,2.71,0.0303030303030303,0,65.0,49,15.224999999999994,0.27,0.15,0.18
1988-02-13,2024-02-06,-1,0.3142857142857143,0.3764705882352941,4.0,0.3636363636363636,1,93.0,36,11.314285714285713,0.2,0.38,0.23
1957-03-13,2024-03-02,-1,0.3142857142857143,0.3764705882352941,3.0,0.5151515151515151,2,127.0,67,21.057142857142857,0.37,0.62,0.4
1966-04-23,2024-06-27,-1,0.3142857142857143,0.4235294117647059,4.0,0.8636363636363636,0,206.0,58,18.228571428571428,0.32,0.15,0.2
1976-01-14,2024-02-24,-1,0.3142857142857143,0.5411764705882353,2.0,0.5909090909090909,0,40.0,48,15.085714285714285,0.27,0.15,0.18
1985-06-03,2024-10-02,-1,0.3178571428571428,0.2588235294117647,4.0,0.2424242424242424,2,128.0,39,12.396428571428569,0.22,0.62,0.3
2004-07-09,2024-09-23,-1,0.3178571428571428,0.3764705882352941,4.0,0.4090909090909091,2,113.0,20,6.357142857142856,0.11,0.62,0.22
2002-05-13,2024-07-20,-1,0.3214285714285714,0.2117647058823529,3.0,0.5,0,200.0,22,7.071428571428571,0.12,0.15,0.16
1969-03-23,2024-04-09,-1,0.3214285714285714,0.4667058823529412,5.0,0.7272727272727273,1,146.0,55,17.678571428571427,0.31,0.38,0.28
1974-07-14,2024-11-14,-1,0.3214285714285714,0.5411764705882353,4.0,0.3333333333333333,2,135.0,50,16.07142857142857,0.28,0.62,0.33
1972-04-14,2024-08-13,-1,0.3214285714285714,0.611764705882353,4.21,0.5303030303030303,0,50.0,52,16.71428571428571,0.29,0.15,0.18
1983-07-07,2024-09-11,-1,0.325,0.3647058823529411,3.0,0.0303030303030303,2,125.0,41,13.325000000000001,0.24,0.62,0.31
1980-03-13,2024-03-25,-1,0.325,0.3764705882352941,3.0,0.2121212121212121,2,52.0,44,14.3,0.25,0.62,0.32
2005-07-26,2024-11-11,-1,0.3285714285714285,0.2352941176470588,3.0,0.2121212121212121,2,140.0,19,6.242857142857142,0.11,0.62,0.22
1970-04-02,2024-06-18,-1,0.3285714285714285,0.6549411764705882,4.96,0.7575757575757576,2,190.0,54,17.74285714285714,0.31,0.62,0.36
1993-04-22,2024-04-25,-1,0.3321428571428572,0.3529411764705882,4.0,0.2878787878787879,1,214.0,31,10.296428571428573,0.18,0.38,0.22
1967-05-21,2024-05-12,-1,0.3321428571428572,0.388235294117647,2.0,0.303030303030303,1,65.0,57,18.93214285714286,0.33,0.38,0.29
1987-08-18,2024-09-20,-1,0.3321428571428572,0.388235294117647,3.4,0.3636363636363636,2,94.0,37,12.289285714285716,0.22,0.62,0.3
1964-09-17,2024-10-14,-1,0.3357142857142857,0.2549411764705883,3.8,0.2878787878787879,0,78.0,60,20.142857142857142,0.36,0.15,0.2
1973-09-26,2024-12-16,-1,0.3357142857142857,0.3764705882352941,2.0,0.3636363636363636,0,87.0,51,17.12142857142857,0.3,0.15,0.18
1973-03-16,2024-04-27,-1,0.3392857142857143,0.5411764705882353,4.0,0.5454545454545454,2,154.0,51,17.30357142857143,0.31,0.62,0.36
1971-06-07,2024-06-23,-1,0.3464285714285714,0.4352941176470588,3.0,0.3484848484848485,2,179.0,53,18.360714285714284,0.32,0.62,0.37
1976-06-18,2024-06-02,-1,0.3535714285714285,0.6352941176470588,6.0,0.5757575757575758,1,152.0,48,16.971428571428568,0.3,0.38,0.26
1972-03-02,2024-06-10,-1,0.3571428571428571,0.3294117647058823,2.0,0.5454545454545454,0,98.0,52,18.57142857142857,0.33,0.15,0.2
1963-01-08,2024-01-10,-1,0.3571428571428571,0.4235294117647059,3.0,0.2272727272727272,1,118.0,61,21.78571428571428,0.38,0.38,0.3
1973-04-20,2024-04-21,-1,0.3607142857142857,0.3764705882352941,4.0,0.5303030303030303,0,84.0,51,18.396428571428572,0.32,0.15,0.2
1971-04-27,2024-04-11,-1,0.3607142857142857,0.5882352941176471,4.0,0.5606060606060606,0,66.0,53,19.117857142857144,0.34,0.15,0.2
1970-09-21,2024-11-23,-1,0.3642857142857142,0.2235294117647059,2.0,0.7727272727272727,2,92.0,54,19.671428571428567,0.35,0.62,0.39
2003-04-06,2024-07-13,-1,0.3642857142857142,0.2470588235294117,3.0,0.3181818181818182,0,150.0,21,7.649999999999999,0.13,0.15,0.16
1979-04-19,2024-05-12,-1,0.3642857142857142,0.3294117647058823,4.0,0.3636363636363636,2,64.0,45,16.39285714285714,0.29,0.62,0.35
1996-04-17,2024-04-07,-1,0.3642857142857142,0.4470588235294118,3.0,0.3939393939393939,2,144.0,28,10.199999999999998,0.18,0.62,0.26
1973-03-27,2024-06-11,-1,0.3678571428571429,0.3568235294117647,2.15,0.3636363636363636,1,84.0,51,18.760714285714286,0.33,0.38,0.29
1961-03-15,2024-03-18,-1,0.3714285714285714,0.2117647058823529,3.0,0.303030303030303,1,131.0,63,23.4,0.41,0.38,0.32
1959-07-25,2024-11-15,-1,0.3714285714285714,0.7647058823529411,6.0,1.0,1,281.0,65,24.14285714285714,0.43,0.38,0.32
1973-04-03,2024-08-26,-1,0.375,0.2823529411764706,3.0,0.5,0,97.0,51,19.125,0.34,0.15,0.2
1972-03-01,2024-03-22,-1,0.375,0.4117647058823529,7.0,0.4242424242424242,1,233.0,52,19.5,0.34,0.38,0.29
1967-02-18,2024-02-12,-1,0.375,0.4470588235294118,3.0,0.5,0,148.0,57,21.375,0.38,0.15,0.21
1963-09-26,2024-12-22,-1,0.3785714285714286,0.5411764705882353,3.0,0.4545454545454545,2,214.0,61,23.092857142857145,0.41,0.62,0.43
1983-03-02,2024-05-13,-1,0.3821428571428571,0.3294117647058823,3.0,0.303030303030303,3,168.0,41,15.667857142857141,0.28,0.85,0.41
1997-05-21,2024-07-20,-1,0.3857142857142857,0.4235294117647059,3.0,0.1666666666666666,0,90.0,27,10.414285714285713,0.18,0.15,0.17
1982-09-08,2024-11-04,-1,0.3892857142857142,0.4235294117647059,5.0,0.4696969696969697,0,151.0,42,16.349999999999994,0.29,0.15,0.18
1978-05-05,2024-07-10,-1,0.3892857142857142,0.7058823529411765,4.0,0.6818181818181818,2,104.0,46,17.90714285714285,0.32,0.62,0.37
1980-05-16,2024-08-05,-1,0.3964285714285714,0.9176470588235294,3.0,0.3939393939393939,2,216.0,44,17.442857142857143,0.31,0.62,0.36
1990-06-19,2024-08-15,-1,0.3999999999999999,0.2588235294117647,4.0,0.3181818181818182,1,160.0,34,13.599999999999998,0.24,0.38,0.24
1973-02-11,2024-03-22,-1,0.3999999999999999,0.5647058823529412,5.0,0.4848484848484848,1,292.0,51,20.399999999999995,0.36,0.38,0.3
2005-01-22,2024-01-01,-1,0.4035714285714286,0.3294117647058823,5.0,0.3939393939393939,1,200.0,19,7.667857142857143,0.14,0.38,0.2
2000-03-19,2024-04-02,-1,0.4035714285714286,0.3411764705882353,5.0,0.4696969696969697,2,206.0,24,9.685714285714287,0.17,0.62,0.26
1991-06-26,2024-06-16,-1,0.4035714285714286,0.3529411764705882,3.0,0.1818181818181818,2,190.0,33,13.317857142857143,0.23,0.62,0.3
1986-08-13,2024-12-02,-1,0.4071428571428571,0.3411764705882353,4.0,0.4393939393939394,0,97.0,38,15.47142857142857,0.27,0.15,0.18
1996-08-04,2024-09-19,-1,0.4071428571428571,0.4470588235294118,3.0,0.5,1,168.0,28,11.399999999999999,0.2,0.38,0.23
1980-07-26,2024-10-18,-1,0.4071428571428571,0.4705882352941176,3.0,0.3787878787878788,0,25.0,44,17.91428571428571,0.32,0.15,0.2
1990-07-26,2024-09-21,-1,0.4107142857142857,0.4470588235294118,4.0,0.4545454545454545,2,59.0,34,13.964285714285714,0.25,0.62,0.32
1975-01-21,2024-01-06,-1,0.4142857142857143,0.2470588235294117,3.0,0.303030303030303,1,31.0,49,20.3,0.36,0.38,0.3
1964-02-17,2024-03-25,-1,0.4142857142857143,0.2705882352941176,2.0,0.4393939393939394,0,39.0,60,24.857142857142858,0.44,0.15,0.22
1964-05-02,2024-09-07,-1,0.4142857142857143,0.3764705882352941,3.0,0.3939393939393939,0,81.0,60,24.857142857142858,0.44,0.15,0.22
1968-03-11,2024-04-15,-1,0.4178571428571428,0.2941176470588235,4.0,0.5606060606060606,1,95.0,56,23.4,0.41,0.38,0.32
1966-05-01,2024-10-25,-1,0.4178571428571428,0.5176470588235295,3.0,0.5303030303030303,1,155.0,58,24.235714285714284,0.43,0.38,0.32
1964-07-01,2024-08-18,-1,0.4178571428571428,0.5647058823529412,2.0,0.5909090909090909,0,182.0,60,25.07142857142857,0.44,0.15,0.22
1963-01-10,2024-01-05,-1,0.4214285714285714,0.4117647058823529,5.0,0.4848484848484848,1,219.0,61,25.707142857142856,0.45,0.38,0.33
1963-10-04,2024-11-23,-1,0.4214285714285714,0.5058823529411764,3.0,0.3636363636363636,2,134.0,61,25.707142857142856,0.45,0.62,0.46
1956-04-26,2024-04-28,-1,0.4249999999999999,0.4470588235294118,5.0,0.6060606060606061,1,230.0,68,28.89999999999999,0.51,0.38,0.36
1995-10-24,2024-11-26,-1,0.4285714285714285,0.3294117647058823,2.0,0.3787878787878788,1,61.0,29,12.428571428571427,0.22,0.38,0.23
1961-10-24,2024-11-10,-1,0.4285714285714285,0.3608235294117647,3.37,0.5909090909090909,1,198.0,63,26.999999999999996,0.48,0.38,0.35
1999-06-10,2024-09-07,-1,0.4285714285714285,0.4352941176470588,3.0,0.4545454545454545,2,68.0,25,10.714285714285712,0.19,0.62,0.28
1975-07-18,2024-11-25,-1,0.4285714285714285,0.4470588235294118,3.0,0.4545454545454545,2,88.0,49,20.999999999999996,0.37,0.62,0.4
1974-10-21,2024-12-06,-1,0.4321428571428572,0.6352941176470588,4.0,0.4696969696969697,2,141.0,50,21.60714285714286,0.38,0.62,0.41
1959-03-19,2024-05-04,-1,0.4392857142857143,0.1764705882352941,5.0,0.6060606060606061,2,115.0,65,28.553571428571427,0.5,0.62,0.49
1990-03-01,2024-04-23,-1,0.4392857142857143,0.3764705882352941,3.0,0.5757575757575758,0,113.0,34,14.935714285714285,0.26,0.15,0.18
1992-09-14,2024-10-18,-1,0.4464285714285714,0.3647058823529411,4.0,0.303030303030303,2,258.0,32,14.285714285714285,0.25,0.62,0.32
1971-03-09,2024-03-08,-1,0.4464285714285714,0.4941176470588235,3.0,0.6212121212121212,0,49.0,53,23.660714285714285,0.42,0.15,0.21
1957-09-13,2024-11-11,-1,0.4535714285714285,0.5882352941176471,3.0,0.5757575757575758,0,73.0,67,30.38928571428571,0.54,0.15,0.23
1970-04-19,2024-05-24,-1,0.4571428571428572,0.3764705882352941,3.0,0.3333333333333333,1,59.0,54,24.685714285714287,0.44,0.38,0.33
1989-01-26,2024-01-08,-1,0.4571428571428572,0.5058823529411764,4.0,0.4242424242424242,2,200.0,35,16.0,0.28,0.62,0.33
1970-09-01,2024-10-19,-1,0.4571428571428572,0.6235294117647059,3.0,0.7272727272727273,2,191.0,54,24.685714285714287,0.44,0.62,0.45
1981-05-18,2024-08-20,-1,0.4571428571428572,0.8,3.0,0.5454545454545454,0,48.0,43,19.65714285714286,0.35,0.15,0.2
1984-02-14,2024-02-11,-1,0.4607142857142857,0.4352941176470588,3.0,0.3484848484848485,2,60.0,40,18.428571428571427,0.33,0.62,0.37
1967-03-12,2024-04-02,-1,0.4607142857142857,0.5058823529411764,7.0,0.5757575757575758,1,249.0,57,26.260714285714283,0.46,0.38,0.33
1972-01-24,2024-02-12,-1,0.4642857142857143,0.2744705882352941,3.05,0.1666666666666666,0,182.0,52,24.142857142857142,0.43,0.15,0.21
1951-06-03,2024-08-27,-1,0.4642857142857143,0.5529411764705883,3.0,0.6212121212121212,1,109.0,73,33.892857142857146,0.6,0.38,0.4
1968-04-16,2024-04-26,-1,0.4642857142857143,0.5882352941176471,5.0,0.5454545454545454,2,67.0,56,26.0,0.46,0.62,0.47
1977-06-01,2024-12-16,-1,0.4714285714285714,0.2941176470588235,6.0,0.5151515151515151,2,174.0,48,22.628571428571426,0.4,0.62,0.43
1986-11-08,2024-12-18,-1,0.475,0.3058823529411765,3.0,0.3484848484848485,1,210.0,38,18.05,0.32,0.38,0.28
1978-07-16,2024-08-27,-1,0.4785714285714285,0.2705882352941176,3.0,0.4848484848484848,2,276.0,46,22.01428571428571,0.39,0.62,0.41
1956-07-28,2024-07-05,-1,0.4821428571428571,0.611764705882353,4.0,0.4848484848484848,0,143.0,68,32.785714285714285,0.58,0.15,0.24
1973-06-22,2024-07-05,-1,0.4892857142857142,0.5176470588235295,3.0,0.2878787878787879,2,191.0,51,24.953571428571426,0.44,0.62,0.45
1972-07-08,2024-08-04,-1,0.4928571428571429,0.3529411764705882,4.0,0.2575757575757575,2,242.0,52,25.62857142857143,0.45,0.62,0.46
1973-08-27,2024-12-18,-1,0.4964285714285714,0.4823529411764706,5.0,0.9393939393939394,1,268.0,51,25.31785714285714,0.45,0.38,0.33
1971-09-23,2024-10-07,-1,0.5,0.388235294117647,4.0,0.5,2,128.0,53,26.5,0.47,0.62,0.47
1958-04-18,2024-07-25,-1,0.5,0.5411764705882353,5.0,0.5454545454545454,2,173.0,66,33.0,0.58,0.62,0.55
1966-03-12,2024-04-24,-1,0.5035714285714287,0.6588235294117647,6.0,0.5303030303030303,2,273.0,58,29.207142857142863,0.52,0.62,0.51
1955-07-22,2024-11-23,-1,0.5035714285714287,0.6823529411764706,4.0,0.2878787878787879,1,248.0,69,34.74642857142858,0.61,0.38,0.4
1981-04-28,2024-06-05,-1,0.5035714285714287,0.7764705882352941,3.0,0.5303030303030303,0,113.0,43,21.653571428571432,0.38,0.15,0.21
1969-04-04,2024-06-06,-1,0.5071428571428571,0.4235294117647059,4.0,0.6818181818181818,1,262.0,55,27.892857142857142,0.49,0.38,0.36
1999-07-13,2024-11-18,-1,0.5107142857142858,0.3764705882352941,4.0,0.5151515151515151,0,246.0,25,12.767857142857144,0.23,0.15,0.17
1971-05-02,2024-05-26,-1,0.5107142857142858,0.5411764705882353,4.0,0.6515151515151515,2,281.0,53,27.067857142857147,0.48,0.62,0.48
1972-08-17,2024-09-22,-1,0.5178571428571429,0.6470588235294118,3.0,0.4090909090909091,2,265.0,52,26.92857142857143,0.48,0.62,0.48
1971-03-21,2024-04-11,-1,0.5214285714285715,0.388235294117647,4.0,0.6212121212121212,1,265.0,53,27.635714285714286,0.49,0.38,0.36
1977-07-11,2024-07-26,-1,0.5214285714285715,0.4941176470588235,3.0,0.4545454545454545,1,121.0,47,24.50714285714286,0.43,0.38,0.32
1989-03-25,2024-03-28,-1,0.525,0.4941176470588235,3.0,0.5303030303030303,1,182.0,35,18.375,0.32,0.38,0.28
1971-07-23,2024-10-01,-1,0.5285714285714286,0.6667058823529411,3.15,0.4090909090909091,0,52.0,53,28.014285714285716,0.49,0.15,0.22
1972-09-11,2024-11-13,-1,0.5285714285714286,0.6823529411764706,4.0,0.4242424242424242,1,283.0,52,27.485714285714288,0.48,0.38,0.35
1962-02-21,2024-02-21,-1,0.5321428571428571,0.3803529411764705,6.24,0.6212121212121212,2,225.0,62,32.99285714285714,0.58,0.62,0.55
2001-07-04,2024-10-21,-1,0.5357142857142857,0.4117647058823529,3.0,0.5,2,302.0,23,12.321428571428571,0.22,0.62,0.3
1990-07-22,2024-09-23,-1,0.5428571428571428,0.2117647058823529,4.0,0.5,1,172.0,34,18.457142857142856,0.33,0.38,0.29
1982-05-03,2024-10-06,-1,0.5428571428571428,0.4470588235294118,6.0,0.5151515151515151,1,122.0,42,22.799999999999997,0.4,0.38,0.31
1955-01-18,2024-01-14,-1,0.5464285714285715,0.8117647058823529,4.0,0.6666666666666666,2,296.0,69,37.70357142857143,0.67,0.62,0.62
1953-04-19,2024-06-09,-1,0.5535714285714286,0.4941176470588235,5.0,0.7575757575757576,1,150.0,71,39.30357142857143,0.69,0.38,0.44
1972-08-12,2024-11-21,-1,0.5535714285714286,0.5803529411764705,4.31,0.6060606060606061,1,198.0,52,28.78571428571429,0.51,0.38,0.36
1976-04-02,2024-07-14,-1,0.5535714285714286,0.8941176470588236,4.0,0.7272727272727273,0,270.0,48,26.571428571428573,0.47,0.15,0.22
1955-07-04,2024-12-10,-1,0.5571428571428572,0.788235294117647,4.0,0.4242424242424242,0,236.0,69,38.44285714285714,0.68,0.15,0.25
1993-03-15,2024-04-13,-1,0.5607142857142857,0.388235294117647,4.0,0.303030303030303,1,184.0,31,17.382142857142856,0.31,0.38,0.28
1957-05-11,2024-08-08,-1,0.5642857142857143,0.2941176470588235,3.0,0.3636363636363636,0,90.0,67,37.80714285714286,0.67,0.15,0.25
1950-08-25,2024-12-10,-1,0.5642857142857143,0.5411764705882353,3.0,0.4242424242424242,2,70.0,74,41.75714285714286,0.74,0.62,0.67
1978-02-22,2024-02-28,-1,0.5678571428571428,0.3294117647058823,4.5,0.6060606060606061,2,167.0,46,26.12142857142857,0.46,0.62,0.47
1995-07-26,2024-07-25,-1,0.5714285714285714,0.3529411764705882,4.0,0.4545454545454545,2,310.0,29,16.57142857142857,0.29,0.62,0.35
1988-01-10,2024-01-01,-1,0.5714285714285714,0.4705882352941176,4.79,0.4090909090909091,0,220.0,36,20.57142857142857,0.36,0.15,0.2
1963-05-12,2024-06-03,-1,0.5714285714285714,0.6235294117647059,3.73,0.7121212121212122,1,246.0,61,34.857142857142854,0.61,0.38,0.4
1949-07-11,2024-10-14,-1,0.5750000000000001,0.2705882352941176,5.05,0.5909090909090909,1,180.0,75,43.12500000000001,0.76,0.38,0.47
1982-01-18,2024-01-06,-1,0.5750000000000001,0.4235294117647059,4.0,0.3636363636363636,1,147.0,42,24.150000000000002,0.43,0.38,0.32
1967-06-20,2024-07-04,-1,0.5750000000000001,0.7294117647058823,5.0,0.9393939393939394,0,155.0,57,32.775000000000006,0.58,0.15,0.24
1987-07-08,2024-09-13,-1,0.5785714285714285,0.3764705882352941,4.15,0.4393939393939394,0,52.0,37,21.407142857142855,0.38,0.15,0.21
1977-04-20,2024-08-07,-1,0.5821428571428572,0.6352941176470588,3.0,0.6060606060606061,0,166.0,47,27.360714285714288,0.48,0.15,0.22
1996-03-01,2024-03-14,-1,0.5857142857142856,0.3529411764705882,3.0,0.3333333333333333,0,103.0,28,16.4,0.29,0.15,0.18
1977-09-27,2024-11-25,-1,0.5857142857142856,0.7647058823529411,4.0,0.4393939393939394,2,195.0,47,27.528571428571425,0.49,0.62,0.48
1992-02-16,2024-02-12,-1,0.5892857142857143,0.4,3.0,0.4696969696969697,2,129.0,32,18.857142857142858,0.33,0.62,0.37
1973-04-12,2024-05-26,-1,0.5928571428571429,0.5647058823529412,3.0,0.6363636363636364,1,202.0,51,30.235714285714288,0.53,0.38,0.37
1982-07-05,2024-08-02,-1,0.5928571428571429,0.7764705882352941,3.0,0.4696969696969697,0,175.0,42,24.9,0.44,0.15,0.22
1984-05-02,2024-05-08,-1,0.5964285714285714,0.5176470588235295,4.0,0.4090909090909091,2,99.0,40,23.857142857142858,0.42,0.62,0.44
1983-04-07,2024-05-06,-1,0.6,0.3058823529411765,7.6,0.9848484848484848,1,317.0,41,24.599999999999998,0.43,0.38,0.32
1987-05-12,2024-08-20,-1,0.6,0.6705882352941176,7.0,0.6515151515151515,0,258.0,37,22.2,0.39,0.15,0.21
1968-03-04,2024-03-04,-1,0.6071428571428571,0.2784705882352941,5.5,0.4848484848484848,1,144.0,56,34.0,0.6,0.38,0.4
1974-04-07,2024-06-24,-1,0.6071428571428571,0.8,4.0,0.4545454545454545,1,280.0,50,30.357142857142854,0.54,0.38,0.38
1963-06-23,2024-12-14,-1,0.6142857142857142,0.2823529411764706,5.0,0.5757575757575758,1,164.0,61,37.47142857142857,0.66,0.38,0.43
1949-08-10,2024-12-10,-1,0.6142857142857142,0.7372941176470589,7.9,0.7272727272727273,0,230.0,75,46.07142857142857,0.81,0.15,0.28
1976-01-18,2024-01-21,-1,0.6214285714285713,0.2391764705882352,6.37,0.6818181818181818,1,192.0,48,29.828571428571422,0.53,0.38,0.37
1990-02-03,2024-02-18,-1,0.6214285714285713,0.3764705882352941,3.0,0.2878787878787879,2,142.0,34,21.128571428571426,0.37,0.62,0.4
1980-09-18,2024-10-08,-1,0.6214285714285713,0.7058823529411765,3.0,0.4696969696969697,1,293.0,44,27.342857142857138,0.48,0.38,0.35
1973-06-25,2024-06-23,-1,0.625,0.4470588235294118,4.7,0.8939393939393939,0,173.0,51,31.875,0.56,0.15,0.23
1977-03-28,2024-03-01,-1,0.6285714285714287,0.3411764705882353,5.1,0.7121212121212122,1,272.0,47,29.542857142857148,0.52,0.38,0.37
1957-02-17,2024-03-21,-1,0.6285714285714287,0.7176470588235294,4.0,0.6363636363636364,1,303.0,67,42.11428571428572,0.74,0.38,0.46
1974-04-17,2024-06-14,-1,0.6357142857142858,0.3176470588235294,2.0,0.4090909090909091,1,136.0,50,31.78571428571429,0.56,0.38,0.38
1974-03-25,2024-05-18,-1,0.6392857142857142,0.2744705882352941,5.45,0.3939393939393939,0,91.0,50,31.96428571428571,0.56,0.15,0.23
1982-07-11,2024-09-27,-1,0.6392857142857142,0.3294117647058823,3.0,0.6515151515151515,2,85.0,42,26.849999999999998,0.47,0.62,0.47
1962-08-26,2024-10-23,-1,0.6428571428571429,0.388235294117647,4.0,0.6363636363636364,0,132.0,62,39.85714285714286,0.7,0.15,0.25
1979-06-17,2024-10-23,-1,0.6428571428571429,0.6470588235294118,5.0,0.5303030303030303,1,215.0,45,28.92857142857143,0.51,0.38,0.36
1969-01-28,2024-01-22,-1,0.6464285714285715,0.6470588235294118,4.0,0.4848484848484848,2,281.0,55,35.55357142857143,0.63,0.62,0.59
1983-06-24,2024-11-04,-1,0.6571428571428571,0.4588235294117647,3.0,0.2727272727272727,0,95.0,41,26.942857142857143,0.48,0.15,0.22
1977-08-09,2024-09-28,-1,0.6571428571428571,0.5882352941176471,4.09,0.6212121212121212,0,109.0,47,30.885714285714286,0.54,0.15,0.23
1986-07-26,2024-11-02,-1,0.6642857142857144,0.2588235294117647,4.0,0.5757575757575758,0,78.0,38,25.242857142857147,0.45,0.15,0.22
1976-06-23,2024-09-27,-1,0.6678571428571429,0.4470588235294118,6.42,0.5,2,121.0,48,32.057142857142864,0.57,0.62,0.54
1956-04-28,2024-06-11,-1,0.6714285714285714,0.5961176470588235,5.13,0.8939393939393939,1,220.0,68,45.65714285714285,0.81,0.38,0.49
1969-09-09,2024-10-26,-1,0.6749999999999999,0.5529411764705883,4.0,0.4696969696969697,1,288.0,55,37.12499999999999,0.66,0.38,0.43
1990-06-03,2024-06-03,-1,0.6785714285714286,0.2117647058823529,3.49,0.5151515151515151,0,55.0,34,23.071428571428573,0.41,0.15,0.21
1963-07-05,2024-08-28,-1,0.6785714285714286,0.4705882352941176,3.0,0.2424242424242424,0,141.0,61,41.392857142857146,0.73,0.15,0.26
1971-07-21,2024-09-28,-1,0.6857142857142858,0.3255294117647059,4.04,0.6666666666666666,1,275.0,53,36.34285714285715,0.64,0.38,0.41
1983-06-09,2024-10-26,-1,0.7071428571428571,0.8038823529411765,4.16,0.6363636363636364,2,257.0,41,28.99285714285714,0.51,0.62,0.51
1981-03-01,2024-04-06,-1,0.7249999999999999,0.3411764705882353,8.0,0.696969696969697,1,306.0,43,31.174999999999994,0.55,0.38,0.38
1955-05-12,2024-05-23,-1,0.7249999999999999,0.6823529411764706,4.0,0.8181818181818182,1,261.0,69,50.02499999999999,0.88,0.38,0.52
1983-07-11,2024-12-25,-1,0.7357142857142858,0.3803529411764705,5.0,0.7878787878787878,1,279.0,41,30.164285714285718,0.53,0.38,0.37
1968-06-24,2024-07-01,-1,0.75,0.286235294117647,4.64,0.5757575757575758,2,140.0,56,42.0,0.74,0.62,0.67
1991-03-06,2024-04-24,-1,0.75,0.4,4.76,0.6515151515151515,0,128.0,33,24.75,0.44,0.15,0.22
1995-05-11,2024-09-02,-1,0.75,0.5097647058823529,4.08,0.5,1,200.0,29,21.75,0.38,0.38,0.3
1981-02-25,2024-03-28,-1,0.7642857142857142,0.4470588235294118,4.0,0.6515151515151515,0,275.0,43,32.864285714285714,0.58,0.15,0.24
1967-02-27,2024-02-17,-1,0.7892857142857144,0.7294117647058823,5.0,0.6363636363636364,1,270.0,57,44.98928571428572,0.79,0.38,0.48
1969-01-21,2024-01-13,-1,0.8071428571428572,0.6823529411764706,4.63,0.5909090909090909,2,258.0,55,44.392857142857146,0.78,0.62,0.69
1955-04-06,2024-04-12,-1,0.8214285714285714,0.5647058823529412,4.0,0.4848484848484848,2,237.0,69,56.67857142857142,1.0,0.62,0.85
1987-06-13,2024-06-09,-1,0.8678571428571428,0.6823529411764706,3.0,0.3181818181818182,0,259.0,37,32.11071428571428,0.57,0.15,0.24
1989-08-19,2024-08-04,-1,0.975,0.3058823529411765,5.0,0.5454545454545454,3,346.0,35,34.125,0.6,0.85,0.72
