DoB,DoT,SEX,BMI,BP,TC,BGU,FDR,Target,Age,Risk,Risk%,FHRisk,CombRisk
1993-03-15,2024-04-13,-1,0.5607142857142857,0.388235294117647,4.0,0.303030303030303,1,184.0,31,17.382142857142856,0.31,0.38,0.28
1980-03-08,2024-04-22,-1,0.2678571428571428,0.3529411764705882,3.0,0.3939393939393939,2,181.0,44,11.785714285714285,0.21,0.62,0.29
1989-01-26,2024-01-08,-1,0.4571428571428572,0.5058823529411764,4.0,0.4242424242424242,2,200.0,35,16.0,0.28,0.62,0.33
1972-04-14,2024-08-13,-1,0.3214285714285714,0.611764705882353,4.21,0.5303030303030303,0,50.0,52,16.71428571428571,0.29,0.15,0.18
1968-03-11,2024-04-15,-1,0.4178571428571428,0.2941176470588235,4.0,0.5606060606060606,1,95.0,56,23.4,0.41,0.38,0.32
1970-04-26,2024-06-03,-1,0.3071428571428572,0.4117647058823529,3.0,0.5151515151515151,1,72.0,54,16.58571428571429,0.29,0.38,0.26
1955-05-12,2024-05-23,-1,0.7249999999999999,0.6823529411764706,4.0,0.8181818181818182,1,261.0,69,50.02499999999999,0.88,0.38,0.52
1996-03-01,2024-03-14,-1,0.5857142857142856,0.3529411764705882,3.0,0.3333333333333333,0,103.0,28,16.4,0.29,0.15,0.18
1964-02-17,2024-03-25,-1,0.4142857142857143,0.2705882352941176,2.0,0.4393939393939394,0,39.0,60,24.857142857142858,0.44,0.15,0.22
1973-06-25,2024-06-23,-1,0.625,0.4470588235294118,4.7,0.8939393939393939,0,173.0,51,31.875,0.56,0.15,0.23
1977-06-01,2024-12-16,-1,0.4714285714285714,0.2941176470588235,6.0,0.5151515151515151,2,174.0,48,22.628571428571423,0.4,0.62,0.43
1962-02-09,2024-02-15,-1,0.3035714285714285,0.8235294117647058,2.0,0.5606060606060606,2,103.0,62,18.82142857142857,0.33,0.62,0.37
1973-04-12,2024-05-26,-1,0.5928571428571429,0.5647058823529412,3.0,0.6363636363636364,1,202.0,51,30.235714285714288,0.53,0.38,0.37
1971-09-28,2024-11-01,-1,0.2892857142857143,0.4470588235294118,3.0,0.5757575757575758,0,178.0,53,15.33214285714286,0.27,0.15,0.18
1990-07-22,2024-09-23,-1,0.5428571428571428,0.2117647058823529,4.0,0.5,1,172.0,34,18.457142857142856,0.33,0.38,0.29
1971-06-07,2024-06-23,-1,0.3464285714285714,0.4352941176470588,3.0,0.3484848484848485,2,179.0,53,18.360714285714284,0.32,0.62,0.37
2001-05-14,2024-09-26,-1,0.3071428571428572,0.4,2.0,0.1515151515151515,2,97.0,23,7.064285714285716,0.12,0.62,0.22
1997-05-21,2024-07-20,-1,0.3857142857142857,0.4235294117647059,3.0,0.1666666666666666,0,90.0,27,10.414285714285713,0.18,0.15,0.17
1978-05-05,2024-07-10,-1,0.3892857142857142,0.7058823529411765,4.0,0.6818181818181818,2,104.0,46,17.90714285714285,0.32,0.62,0.37
1967-08-09,2024-12-15,-1,0.2749999999999999,0.4588235294117647,2.0,0.5151515151515151,0,87.0,57,15.674999999999995,0.28,0.15,0.18
1968-03-04,2024-03-04,-1,0.6071428571428571,0.2784705882352941,5.5,0.4848484848484848,1,144.0,56,34.0,0.6,0.38,0.4
1963-06-23,2024-12-14,-1,0.6142857142857142,0.2823529411764706,5.0,0.5757575757575758,1,164.0,61,37.47142857142857,0.66,0.38,0.43
1972-03-01,2024-03-22,-1,0.375,0.4117647058823529,7.0,0.4242424242424242,1,233.0,52,19.5,0.34,0.38,0.29
1982-10-07,2024-12-01,-1,0.2892857142857143,0.3529411764705882,4.0,0.5454545454545454,2,72.0,42,12.15,0.21,0.62,0.29
1989-03-18,2024-03-08,-1,0.2535714285714286,0.3176470588235294,3.0,0.5606060606060606,0,68.0,35,8.875000000000002,0.16,0.15,0.16
1990-10-19,2024-12-01,-1,0.2357142857142857,0.3764705882352941,3.0,0.2424242424242424,1,115.0,34,8.014285714285714,0.14,0.38,0.2
1975-06-24,2024-08-22,-1,0.2071428571428571,0.388235294117647,3.0,0.5303030303030303,1,49.0,49,10.15,0.18,0.38,0.22
1966-04-23,2024-06-27,-1,0.3142857142857143,0.4235294117647059,4.0,0.8636363636363636,0,206.0,58,18.228571428571428,0.32,0.15,0.2
1983-07-07,2024-09-11,-1,0.325,0.3647058823529411,3.0,0.0303030303030303,2,125.0,41,13.325,0.24,0.62,0.31
1975-05-21,2024-07-27,-1,0.2892857142857143,0.3529411764705882,2.19,0.2121212121212121,2,114.0,49,14.175,0.25,0.62,0.32
1975-01-21,2024-01-06,-1,0.4142857142857143,0.2470588235294117,3.0,0.303030303030303,1,31.0,49,20.3,0.36,0.38,0.3
1976-06-18,2024-06-02,-1,0.3535714285714285,0.6352941176470588,6.0,0.5757575757575758,1,152.0,48,16.971428571428568,0.3,0.38,0.26
1958-04-18,2024-07-25,-1,0.5,0.5411764705882353,5.0,0.5454545454545454,2,173.0,66,33.0,0.58,0.62,0.55
1988-06-08,2024-12-05,-1,0.2,0.188235294117647,3.0,0.5151515151515151,1,57.0,36,7.2,0.13,0.38,0.2
1987-07-08,2024-09-13,-1,0.5785714285714285,0.3764705882352941,4.15,0.4393939393939394,0,52.0,37,21.40714285714285,0.38,0.15,0.21
1999-06-10,2024-09-07,-1,0.4285714285714285,0.4352941176470588,3.0,0.4545454545454545,2,68.0,25,10.714285714285712,0.19,0.62,0.28
1966-05-01,2024-10-25,-1,0.4178571428571428,0.5176470588235295,3.0,0.5303030303030303,1,155.0,58,24.235714285714284,0.43,0.38,0.32
1989-03-25,2024-03-28,-1,0.525,0.4941176470588235,3.0,0.5303030303030303,1,182.0,35,18.375,0.32,0.38,0.28
1970-09-01,2024-10-19,-1,0.4571428571428572,0.6235294117647059,3.0,0.7272727272727273,2,191.0,54,24.685714285714287,0.44,0.62,0.45
1972-07-08,2024-08-04,-1,0.4928571428571429,0.3529411764705882,4.0,0.2575757575757575,2,242.0,52,25.62857142857143,0.45,0.62,0.46
2000-04-23,2024-06-13,-1,0.3035714285714285,0.4,3.0,0.3939393939393939,1,185.0,24,7.285714285714284,0.13,0.38,0.2
1995-07-26,2024-07-25,-1,0.5714285714285714,0.3529411764705882,4.0,0.4545454545454545,2,310.0,29,16.57142857142857,0.29,0.62,0.35
1967-02-27,2024-02-17,-1,0.7892857142857144,0.7294117647058823,5.0,0.6363636363636364,1,270.0,57,44.98928571428572,0.79,0.38,0.48
1971-07-21,2024-09-28,-1,0.6857142857142858,0.3255294117647059,4.04,0.6666666666666666,1,275.0,53,36.34285714285715,0.64,0.38,0.41
1963-01-10,2024-01-05,-1,0.4214285714285714,0.4117647058823529,5.0,0.4848484848484848,1,219.0,61,25.707142857142856,0.45,0.38,0.33
1983-02-10,2024-02-01,-1,0.2321428571428571,0.2941176470588235,2.0,0.2575757575757575,1,37.0,41,9.51785714285714,0.17,0.38,0.21
1981-02-25,2024-03-28,-1,0.7642857142857142,0.4470588235294118,4.0,0.6515151515151515,0,275.0,43,32.864285714285714,0.58,0.15,0.24
1978-04-22,2024-05-19,-1,0.2357142857142857,0.2117647058823529,3.0,0.3333333333333333,0,53.0,46,10.842857142857143,0.19,0.15,0.17
1986-08-13,2024-12-02,-1,0.4071428571428571,0.3411764705882353,4.0,0.4393939393939394,0,97.0,38,15.47142857142857,0.27,0.15,0.18
1990-03-01,2024-04-23,-1,0.4392857142857143,0.3764705882352941,3.0,0.5757575757575758,0,113.0,34,14.935714285714283,0.26,0.15,0.18
1995-05-11,2024-09-02,-1,0.75,0.5097647058823529,4.08,0.5,1,200.0,29,21.75,0.38,0.38,0.3
1974-08-10,2024-12-28,-1,0.25,0.388235294117647,4.0,0.1969696969696969,1,252.0,50,12.5,0.22,0.38,0.23
1996-04-17,2024-04-07,-1,0.3642857142857142,0.4470588235294118,3.0,0.3939393939393939,2,144.0,28,10.199999999999998,0.18,0.62,0.26
1987-06-13,2024-06-09,-1,0.8678571428571428,0.6823529411764706,3.0,0.3181818181818182,0,259.0,37,32.11071428571428,0.57,0.15,0.24
1981-07-06,2024-11-23,-1,0.2607142857142857,0.2823529411764706,3.0,0.4848484848484848,1,42.0,43,11.210714285714284,0.2,0.38,0.23
1964-09-17,2024-10-14,-1,0.3357142857142857,0.2549411764705883,3.8,0.2878787878787879,0,78.0,60,20.142857142857142,0.36,0.15,0.2
1976-04-02,2024-07-14,-1,0.5535714285714286,0.8941176470588236,4.0,0.7272727272727273,0,270.0,48,26.571428571428573,0.47,0.15,0.22
1973-04-03,2024-08-26,-1,0.375,0.2823529411764706,3.0,0.5,0,97.0,51,19.125,0.34,0.15,0.2
1977-04-20,2024-08-07,-1,0.5821428571428572,0.6352941176470588,3.0,0.6060606060606061,0,166.0,47,27.360714285714288,0.48,0.15,0.22
